{
  "version": 2,
  "vanish": false,
  "invulnerable": false,
  "lastKnownName": "BiShop",
  "lastLocation": {
    "x": 767.5205488067911,
    "y": 65.875,
    "z": 255.50184450978884,
    "rotx": 0.0,
    "roty": 0.0,
    "rotz": 0.0,
    "world": "1189f3ac-d4bc-4039-8f18-9fe993914dbe"
  },
  "lastLogin": 1596217042795,
  "lastLogout": 1596217598131,
  "lastIP": "/174.3.234.120",
  "firstJoin": 1596082278668,
  "startedFirstJoin": false,
  "isFrozen": false,
  "fly": false,
  "jailOnNextLogin": false,
  "mail": [],
  "notes": [],
  "warnings": []
}
