{
  "warps": {
    "zc": {
      "cost": -1.0,
      "x": 767.5,
      "y": 65.0,
      "z": 255.5,
      "rotx": 4.0499043464660645,
      "roty": -359.6994934082031,
      "rotz": 0.0,
      "world": "1189f3ac-d4bc-4039-8f18-9fe993914dbe"
    }
  },
  "warpCategories": {}
}
